[{"model": "auth.permission", "pk": 1, "fields": {"name": "Can add log entry", "content_type": 1, "codename": "add_logentry"}}, {"model": "auth.permission", "pk": 2, "fields": {"name": "Can change log entry", "content_type": 1, "codename": "change_logentry"}}, {"model": "auth.permission", "pk": 3, "fields": {"name": "Can delete log entry", "content_type": 1, "codename": "delete_logentry"}}, {"model": "auth.permission", "pk": 4, "fields": {"name": "Can view log entry", "content_type": 1, "codename": "view_logentry"}}, {"model": "auth.permission", "pk": 5, "fields": {"name": "Can add permission", "content_type": 2, "codename": "add_permission"}}, {"model": "auth.permission", "pk": 6, "fields": {"name": "Can change permission", "content_type": 2, "codename": "change_permission"}}, {"model": "auth.permission", "pk": 7, "fields": {"name": "Can delete permission", "content_type": 2, "codename": "delete_permission"}}, {"model": "auth.permission", "pk": 8, "fields": {"name": "Can view permission", "content_type": 2, "codename": "view_permission"}}, {"model": "auth.permission", "pk": 9, "fields": {"name": "Can add group", "content_type": 3, "codename": "add_group"}}, {"model": "auth.permission", "pk": 10, "fields": {"name": "Can change group", "content_type": 3, "codename": "change_group"}}, {"model": "auth.permission", "pk": 11, "fields": {"name": "Can delete group", "content_type": 3, "codename": "delete_group"}}, {"model": "auth.permission", "pk": 12, "fields": {"name": "Can view group", "content_type": 3, "codename": "view_group"}}, {"model": "auth.permission", "pk": 13, "fields": {"name": "Can add content type", "content_type": 4, "codename": "add_contenttype"}}, {"model": "auth.permission", "pk": 14, "fields": {"name": "Can change content type", "content_type": 4, "codename": "change_contenttype"}}, {"model": "auth.permission", "pk": 15, "fields": {"name": "Can delete content type", "content_type": 4, "codename": "delete_contenttype"}}, {"model": "auth.permission", "pk": 16, "fields": {"name": "Can view content type", "content_type": 4, "codename": "view_contenttype"}}, {"model": "auth.permission", "pk": 17, "fields": {"name": "Can add session", "content_type": 5, "codename": "add_session"}}, {"model": "auth.permission", "pk": 18, "fields": {"name": "Can change session", "content_type": 5, "codename": "change_session"}}, {"model": "auth.permission", "pk": 19, "fields": {"name": "Can delete session", "content_type": 5, "codename": "delete_session"}}, {"model": "auth.permission", "pk": 20, "fields": {"name": "Can view session", "content_type": 5, "codename": "view_session"}}, {"model": "auth.permission", "pk": 21, "fields": {"name": "Can add user", "content_type": 6, "codename": "add_customuser"}}, {"model": "auth.permission", "pk": 22, "fields": {"name": "Can change user", "content_type": 6, "codename": "change_customuser"}}, {"model": "auth.permission", "pk": 23, "fields": {"name": "Can delete user", "content_type": 6, "codename": "delete_customuser"}}, {"model": "auth.permission", "pk": 24, "fields": {"name": "Can view user", "content_type": 6, "codename": "view_customuser"}}, {"model": "auth.permission", "pk": 25, "fields": {"name": "Can add employer", "content_type": 7, "codename": "add_employer"}}, {"model": "auth.permission", "pk": 26, "fields": {"name": "Can change employer", "content_type": 7, "codename": "change_employer"}}, {"model": "auth.permission", "pk": 27, "fields": {"name": "Can delete employer", "content_type": 7, "codename": "delete_employer"}}, {"model": "auth.permission", "pk": 28, "fields": {"name": "Can view employer", "content_type": 7, "codename": "view_employer"}}, {"model": "auth.permission", "pk": 29, "fields": {"name": "Can add job", "content_type": 8, "codename": "add_job"}}, {"model": "auth.permission", "pk": 30, "fields": {"name": "Can change job", "content_type": 8, "codename": "change_job"}}, {"model": "auth.permission", "pk": 31, "fields": {"name": "Can delete job", "content_type": 8, "codename": "delete_job"}}, {"model": "auth.permission", "pk": 32, "fields": {"name": "Can view job", "content_type": 8, "codename": "view_job"}}, {"model": "auth.permission", "pk": 33, "fields": {"name": "Can add job seeker", "content_type": 9, "codename": "add_jobseeker"}}, {"model": "auth.permission", "pk": 34, "fields": {"name": "Can change job seeker", "content_type": 9, "codename": "change_jobseeker"}}, {"model": "auth.permission", "pk": 35, "fields": {"name": "Can delete job seeker", "content_type": 9, "codename": "delete_jobseeker"}}, {"model": "auth.permission", "pk": 36, "fields": {"name": "Can view job seeker", "content_type": 9, "codename": "view_jobseeker"}}, {"model": "auth.permission", "pk": 37, "fields": {"name": "Can add job application", "content_type": 10, "codename": "add_jobapplication"}}, {"model": "auth.permission", "pk": 38, "fields": {"name": "Can change job application", "content_type": 10, "codename": "change_jobapplication"}}, {"model": "auth.permission", "pk": 39, "fields": {"name": "Can delete job application", "content_type": 10, "codename": "delete_jobapplication"}}, {"model": "auth.permission", "pk": 40, "fields": {"name": "Can view job application", "content_type": 10, "codename": "view_jobapplication"}}, {"model": "contenttypes.contenttype", "pk": 1, "fields": {"app_label": "admin", "model": "logentry"}}, {"model": "contenttypes.contenttype", "pk": 2, "fields": {"app_label": "auth", "model": "permission"}}, {"model": "contenttypes.contenttype", "pk": 3, "fields": {"app_label": "auth", "model": "group"}}, {"model": "contenttypes.contenttype", "pk": 4, "fields": {"app_label": "contenttypes", "model": "contenttype"}}, {"model": "contenttypes.contenttype", "pk": 5, "fields": {"app_label": "sessions", "model": "session"}}, {"model": "contenttypes.contenttype", "pk": 6, "fields": {"app_label": "jobseekerapp", "model": "customuser"}}, {"model": "contenttypes.contenttype", "pk": 7, "fields": {"app_label": "jobseekerapp", "model": "employer"}}, {"model": "contenttypes.contenttype", "pk": 8, "fields": {"app_label": "jobseekerapp", "model": "job"}}, {"model": "contenttypes.contenttype", "pk": 9, "fields": {"app_label": "jobseekerapp", "model": "jobseeker"}}, {"model": "contenttypes.contenttype", "pk": 10, "fields": {"app_label": "jobseekerapp", "model": "jobapplication"}}, {"model": "sessions.session", "pk": "jwnjwuh2or5kgkey64a205yo3esqyuzu", "fields": {"session_data": ".eJxVjDsOwjAQRO_iGlnO-gslPWewdr0ODiBbipMKcXcSKQWUM-_NvEXEdSlx7XmOE4uLGMTptyNMz1x3wA-s9yZTq8s8kdwVedAub43z63q4fwcFe9nWlqzjMSH7YBwxA2DwYH32YyJQKuR81mTYWktb0qCSMQDOEaoU9CA-X_EyN5I:1rBFfU:fFuQx0wu6Ry8MXUQAzzQb0tfd0n6kMZsSa51U30xv04", "expire_date": "2023-12-21T14:48:00.364Z"}}, {"model": "jobseekerapp.customuser", "pk": 1, "fields": {"password": "pbkdf2_sha256$720000$dUtxBRmHWWQI6pCuLTGyfR$qYv/i43m2lxcD/8j/3O2zZaml8I28K9nt/4umpm4+Xw=", "last_login": "2023-12-07T14:48:00.259Z", "is_superuser": true, "username": "werejack", "first_name": "", "last_name": "", "email": "austinewere59@gmail.com", "is_staff": true, "is_active": true, "date_joined": "2023-12-07T14:46:53.781Z", "user_type": "", "groups": [], "user_permissions": []}}, {"model": "jobseekerapp.customuser", "pk": 2, "fields": {"password": "pbkdf2_sha256$720000$Pi47xkvyYy06sFsItRvEyl$2953vPMuWSmHDjHKmKVvMy61DgI9cJZ4wfcaZpIqCBg=", "last_login": null, "is_superuser": false, "username": "coreyrobertson", "first_name": "", "last_name": "", "email": "laura25@example.com", "is_staff": false, "is_active": true, "date_joined": "2023-12-08T15:56:35.282Z", "user_type": "employer", "groups": [], "user_permissions": []}}, {"model": "jobseekerapp.customuser", "pk": 3, "fields": {"password": "pbkdf2_sha256$720000$ctETqXkg05kVTbDs8VYUXp$GcvjKjrPWwTHplKDkk2Ldy/G1fpk89h6Q0e2RwWRCfw=", "last_login": null, "is_superuser": false, "username": "kelly25", "first_name": "", "last_name": "", "email": "jacqueline42@example.net", "is_staff": false, "is_active": true, "date_joined": "2023-12-08T15:56:36.332Z", "user_type": "employer", "groups": [], "user_permissions": []}}, {"model": "jobseekerapp.customuser", "pk": 4, "fields": {"password": "pbkdf2_sha256$720000$GNvlpztVKYEK3C8cchtBIo$P6WYyCZs/r/GfkzPM2u/uHuX0TIpzVx28LepKYrjzIM=", "last_login": null, "is_superuser": false, "username": "mark39", "first_name": "", "last_name": "", "email": "ucooper@example.org", "is_staff": false, "is_active": true, "date_joined": "2023-12-08T15:56:37.355Z", "user_type": "employer", "groups": [], "user_permissions": []}}, {"model": "jobseekerapp.customuser", "pk": 5, "fields": {"password": "pbkdf2_sha256$720000$8BX8ermva9KFR5LgQQfNnW$+5yYzrSq3fNJtItKLDVwl0RUWlLLpQjFfXfot3pBsKo=", "last_login": null, "is_superuser": false, "username": "griffinjeanette", "first_name": "", "last_name": "", "email": "rodneygilmore@example.com", "is_staff": false, "is_active": true, "date_joined": "2023-12-08T15:56:38.322Z", "user_type": "employer", "groups": [], "user_permissions": []}}, {"model": "jobseekerapp.customuser", "pk": 6, "fields": {"password": "pbkdf2_sha256$720000$T0bNMrsVCwngcGHxweiopg$E45aBAcXssb2ppE8TW6lXwB6ej/FrIqCBlDoFNISNdw=", "last_login": null, "is_superuser": false, "username": "collin70", "first_name": "", "last_name": "", "email": "dennisrobert@example.com", "is_staff": false, "is_active": true, "date_joined": "2023-12-08T15:56:39.289Z", "user_type": "employer", "groups": [], "user_permissions": []}}, {"model": "jobseekerapp.customuser", "pk": 7, "fields": {"password": "pbkdf2_sha256$720000$iH8RcCqUd3QRMjiL1iFct2$SfQkcsA/Mi/vYyaOT7QhamxkIsfCYMTTrlcgakFeKeI=", "last_login": null, "is_superuser": false, "username": "john61", "first_name": "", "last_name": "", "email": "rodriguezmichael@example.org", "is_staff": false, "is_active": true, "date_joined": "2023-12-08T15:56:40.255Z", "user_type": "jobseeker", "groups": [], "user_permissions": []}}, {"model": "jobseekerapp.customuser", "pk": 8, "fields": {"password": "pbkdf2_sha256$720000$6HtEh8cHtJVZZcrhsvAdpv$3tbX862anNbuC6AJEdDby9ZXsmFhKp6OPWIayHEO288=", "last_login": null, "is_superuser": false, "username": "nbaker", "first_name": "", "last_name": "", "email": "vvargas@example.org", "is_staff": false, "is_active": true, "date_joined": "2023-12-08T15:56:41.234Z", "user_type": "jobseeker", "groups": [], "user_permissions": []}}, {"model": "jobseekerapp.customuser", "pk": 9, "fields": {"password": "pbkdf2_sha256$720000$JlSGwqsa7RXpSijAPno1Ls$oToMlgy6dIpCFI+WeQkDhp7oFCWbiNjHOMfevGPViSM=", "last_login": null, "is_superuser": false, "username": "ralexander", "first_name": "", "last_name": "", "email": "amanda56@example.com", "is_staff": false, "is_active": true, "date_joined": "2023-12-08T15:56:42.223Z", "user_type": "jobseeker", "groups": [], "user_permissions": []}}, {"model": "jobseekerapp.customuser", "pk": 10, "fields": {"password": "pbkdf2_sha256$720000$Lnw2gaqBaDxygz94eFdtyo$yIeDkfGTM8lF37F8klUT1hyAbNzX+pyNwoERrZjC/sY=", "last_login": null, "is_superuser": false, "username": "andreacastro", "first_name": "", "last_name": "", "email": "eric10@example.com", "is_staff": false, "is_active": true, "date_joined": "2023-12-08T15:56:43.199Z", "user_type": "jobseeker", "groups": [], "user_permissions": []}}, {"model": "jobseekerapp.customuser", "pk": 11, "fields": {"password": "pbkdf2_sha256$720000$AUBkOYiPX0QOyIKnWsKipR$d/hxoYEZPd5fy4TbDnk5e6fSs9313GbX+z00xQbb1TU=", "last_login": null, "is_superuser": false, "username": "davisrobin", "first_name": "", "last_name": "", "email": "ysmith@example.org", "is_staff": false, "is_active": true, "date_joined": "2023-12-08T15:56:44.145Z", "user_type": "jobseeker", "groups": [], "user_permissions": []}}, {"model": "jobseekerapp.customuser", "pk": 12, "fields": {"password": "pbkdf2_sha256$720000$MHWn6whEIIsHjNdNlmo4v4$H5S7QgmBM/6YVn2ycjtN1hWTAaufJdjMuX3gaYt4VD0=", "last_login": null, "is_superuser": false, "username": "alan84", "first_name": "", "last_name": "", "email": "rhoward@example.net", "is_staff": false, "is_active": true, "date_joined": "2023-12-10T09:01:08.105Z", "user_type": "employer", "groups": [], "user_permissions": []}}, {"model": "jobseekerapp.customuser", "pk": 13, "fields": {"password": "pbkdf2_sha256$720000$yOU41aiB9mm6hrAzOiiM2i$adg6CJehBo8mH7JfA1NKiOz053rbKFi0ZAj8JMbqzhA=", "last_login": null, "is_superuser": false, "username": "dukejennifer", "first_name": "", "last_name": "", "email": "ana21@example.net", "is_staff": false, "is_active": true, "date_joined": "2023-12-10T09:01:09.017Z", "user_type": "employer", "groups": [], "user_permissions": []}}, {"model": "jobseekerapp.customuser", "pk": 14, "fields": {"password": "pbkdf2_sha256$720000$tkhbY1D78T86YiPiQEP4HC$S1wabwn3zym01RnJPNTUSQ6/E8rjtyXRpVZLnH0gSmY=", "last_login": null, "is_superuser": false, "username": "scottadams", "first_name": "", "last_name": "", "email": "kim46@example.net", "is_staff": false, "is_active": true, "date_joined": "2023-12-10T09:01:09.995Z", "user_type": "employer", "groups": [], "user_permissions": []}}, {"model": "jobseekerapp.customuser", "pk": 15, "fields": {"password": "pbkdf2_sha256$720000$Buh9OJGgxwh0onBFXRyaoR$5xd3Zmq9nKHJnnfqodsHwAGrhiaNYbiGQc2g1DNsmhA=", "last_login": null, "is_superuser": false, "username": "johnsonbrandon", "first_name": "", "last_name": "", "email": "vprice@example.net", "is_staff": false, "is_active": true, "date_joined": "2023-12-10T09:01:10.973Z", "user_type": "employer", "groups": [], "user_permissions": []}}, {"model": "jobseekerapp.customuser", "pk": 16, "fields": {"password": "pbkdf2_sha256$720000$BymMxbxP5gsvzPQ4yFCom7$KRgrD0A5GKr8yFK350ycjbLlDdH2SL8rBCKtqiF8Qdk=", "last_login": null, "is_superuser": false, "username": "brendapowell", "first_name": "", "last_name": "", "email": "rodrigueztiffany@example.org", "is_staff": false, "is_active": true, "date_joined": "2023-12-10T09:01:11.940Z", "user_type": "employer", "groups": [], "user_permissions": []}}, {"model": "jobseekerapp.customuser", "pk": 17, "fields": {"password": "pbkdf2_sha256$720000$cgFazYpRvpc0PsB1epDSSO$TkJEoHFEIEiAqtGdmNoFh0S/l56QrR4kuxh3pCKhtJU=", "last_login": null, "is_superuser": false, "username": "gibbsvalerie", "first_name": "", "last_name": "", "email": "rbaldwin@example.net", "is_staff": false, "is_active": true, "date_joined": "2023-12-10T09:01:12.907Z", "user_type": "jobseeker", "groups": [], "user_permissions": []}}, {"model": "jobseekerapp.customuser", "pk": 18, "fields": {"password": "pbkdf2_sha256$720000$xWhwI8JRFkU8o0GgrW9rnf$ppwrz3lScH3Gze8TblH1BjUskHa8BiNvhquQKlrOc6Y=", "last_login": null, "is_superuser": false, "username": "lmontes", "first_name": "", "last_name": "", "email": "ronaldjordan@example.net", "is_staff": false, "is_active": true, "date_joined": "2023-12-10T09:01:13.873Z", "user_type": "jobseeker", "groups": [], "user_permissions": []}}, {"model": "jobseekerapp.customuser", "pk": 19, "fields": {"password": "pbkdf2_sha256$720000$QEpe3qqaKhVVGEhv2mZQRi$GDcV2p3SGzOnRiUxTTKQhW8ifELycO21ukcGK8YRJAA=", "last_login": null, "is_superuser": false, "username": "mendozaalexandra", "first_name": "", "last_name": "", "email": "matthew58@example.com", "is_staff": false, "is_active": true, "date_joined": "2023-12-10T09:01:15.050Z", "user_type": "jobseeker", "groups": [], "user_permissions": []}}, {"model": "jobseekerapp.customuser", "pk": 20, "fields": {"password": "pbkdf2_sha256$720000$gjtC32dC0FXbf1Otk8hNFv$o7/+fI5rNRuu84qhIVKAzZWcG34Jgf0jLsG7S5uLx4A=", "last_login": null, "is_superuser": false, "username": "rebeccaturner", "first_name": "", "last_name": "", "email": "daniellehubbard@example.org", "is_staff": false, "is_active": true, "date_joined": "2023-12-10T09:01:15.996Z", "user_type": "jobseeker", "groups": [], "user_permissions": []}}, {"model": "jobseekerapp.customuser", "pk": 21, "fields": {"password": "pbkdf2_sha256$720000$yYWTfZlAEJMtlyUCIjvNNi$HqIs6Z98GMPUqIxigfHnrbbOvYY1dBkZza01dBFgXWI=", "last_login": null, "is_superuser": false, "username": "emily87", "first_name": "", "last_name": "", "email": "leblancsherry@example.org", "is_staff": false, "is_active": true, "date_joined": "2023-12-10T09:01:16.962Z", "user_type": "jobseeker", "groups": [], "user_permissions": []}}, {"model": "jobseekerapp.customuser", "pk": 22, "fields": {"password": "pbkdf2_sha256$720000$csPTDBQjD3T463fGsPBiWl$NO7HC/LVqyCe8b9IswU0Inee0kYhgakO5QYd/IrwYGM=", "last_login": null, "is_superuser": false, "username": "payers", "first_name": "", "last_name": "", "email": "christophergreen@example.net", "is_staff": false, "is_active": true, "date_joined": "2023-12-10T09:06:24.493Z", "user_type": "employer", "groups": [], "user_permissions": []}}, {"model": "jobseekerapp.customuser", "pk": 23, "fields": {"password": "pbkdf2_sha256$720000$83qqUvrUaVTY6OMVCqN11v$JKaeQ4Rwk+OEc4M86z2lq/sp8zMa0DMKhkis1IZ1iN8=", "last_login": null, "is_superuser": false, "username": "ramirezlinda", "first_name": "", "last_name": "", "email": "greenshelby@example.org", "is_staff": false, "is_active": true, "date_joined": "2023-12-10T09:06:25.480Z", "user_type": "employer", "groups": [], "user_permissions": []}}, {"model": "jobseekerapp.customuser", "pk": 24, "fields": {"password": "pbkdf2_sha256$720000$J53jVOgY0kAn2uSiiAZ7Uh$7wg/m9LGrAOa5HiSnCnNqXcb/+2ndO3tmb9OX72o3BQ=", "last_login": null, "is_superuser": false, "username": "wmayo", "first_name": "", "last_name": "", "email": "stephanie21@example.net", "is_staff": false, "is_active": true, "date_joined": "2023-12-10T09:06:26.480Z", "user_type": "employer", "groups": [], "user_permissions": []}}, {"model": "jobseekerapp.customuser", "pk": 25, "fields": {"password": "pbkdf2_sha256$720000$XHMiJHO4p6KNqAPl2MazKu$lh7SPC2ILo6ZIHoNYFgVH4FHYcpvR/BxxByCCFWH5dk=", "last_login": null, "is_superuser": false, "username": "yrobinson", "first_name": "", "last_name": "", "email": "tsmith@example.com", "is_staff": false, "is_active": true, "date_joined": "2023-12-10T09:06:27.513Z", "user_type": "employer", "groups": [], "user_permissions": []}}, {"model": "jobseekerapp.customuser", "pk": 26, "fields": {"password": "pbkdf2_sha256$720000$l9MLZQOY4pBJZJUYKLfOKm$IECBpvuPAnE/H73du1R67GhiCaB+EmP0jmPoFhwZAhM=", "last_login": null, "is_superuser": false, "username": "ronald61", "first_name": "", "last_name": "", "email": "haleerica@example.com", "is_staff": false, "is_active": true, "date_joined": "2023-12-10T09:06:28.546Z", "user_type": "employer", "groups": [], "user_permissions": []}}, {"model": "jobseekerapp.customuser", "pk": 27, "fields": {"password": "pbkdf2_sha256$720000$WWWp89bStOSbQpSGrz7pCa$aHmY4uSCd0blqHT86OKf6ZZ8v5Ci89CYrsVnsHhkwY4=", "last_login": null, "is_superuser": false, "username": "juancain", "first_name": "", "last_name": "", "email": "sandersmichael@example.net", "is_staff": false, "is_active": true, "date_joined": "2023-12-10T09:06:29.625Z", "user_type": "jobseeker", "groups": [], "user_permissions": []}}, {"model": "jobseekerapp.customuser", "pk": 28, "fields": {"password": "pbkdf2_sha256$720000$K90GorgJTv26HQUkqnYjt9$9gLLsuU5wqtfWUjjYYtjuJS+LSJapD+qzO36MVANyRM=", "last_login": null, "is_superuser": false, "username": "tleblanc", "first_name": "", "last_name": "", "email": "jonathandavila@example.net", "is_staff": false, "is_active": true, "date_joined": "2023-12-10T09:06:30.636Z", "user_type": "jobseeker", "groups": [], "user_permissions": []}}, {"model": "jobseekerapp.customuser", "pk": 29, "fields": {"password": "pbkdf2_sha256$720000$tp6dtBqB4dKnKTOI7Rykpj$Jkw2B7sa0g+A3fsJCZKOGhWIOxVlQBkVdRECjgND2Es=", "last_login": null, "is_superuser": false, "username": "michelleevans", "first_name": "", "last_name": "", "email": "vweaver@example.com", "is_staff": false, "is_active": true, "date_joined": "2023-12-10T09:06:31.648Z", "user_type": "jobseeker", "groups": [], "user_permissions": []}}, {"model": "jobseekerapp.customuser", "pk": 30, "fields": {"password": "pbkdf2_sha256$720000$3h8uUXN3OrarpUDZw4QOy8$/KMjG/1jaw14GROQcmLplNUI88w9UOT/lHPWKi8NslI=", "last_login": null, "is_superuser": false, "username": "chris45", "first_name": "", "last_name": "", "email": "jparker@example.com", "is_staff": false, "is_active": true, "date_joined": "2023-12-10T09:06:32.736Z", "user_type": "jobseeker", "groups": [], "user_permissions": []}}, {"model": "jobseekerapp.customuser", "pk": 31, "fields": {"password": "pbkdf2_sha256$720000$ZiqnaB2vV5bPIfmlW7uHG4$VZeZNLiKg+V03LW4gzZ5XmBRyDGL4okVszqOg16eb7o=", "last_login": null, "is_superuser": false, "username": "samanthagood", "first_name": "", "last_name": "", "email": "robertsonkathryn@example.org", "is_staff": false, "is_active": true, "date_joined": "2023-12-10T09:06:33.770Z", "user_type": "jobseeker", "groups": [], "user_permissions": []}}, {"model": "jobseekerapp.customuser", "pk": 32, "fields": {"password": "pbkdf2_sha256$720000$7NASqqor3pEN2fpYJ39O1q$GRFcC+RhUdPuneF0qC+2bWE2ON3LJP1dnturARuIU9M=", "last_login": null, "is_superuser": false, "username": "gchristian", "first_name": "", "last_name": "", "email": "arnoldjason@example.net", "is_staff": false, "is_active": true, "date_joined": "2023-12-10T09:06:34.803Z", "user_type": "jobseeker", "groups": [], "user_permissions": []}}, {"model": "jobseekerapp.customuser", "pk": 33, "fields": {"password": "pbkdf2_sha256$720000$xntOCCpdejGBVBNTlVqWzs$9/b94IAZiy9ECbbjL+/BzbZcSsZ/PxobxQIsEMZGt64=", "last_login": null, "is_superuser": false, "username": "susan14", "first_name": "", "last_name": "", "email": "comptonalexis@example.net", "is_staff": false, "is_active": true, "date_joined": "2023-12-10T09:06:35.926Z", "user_type": "jobseeker", "groups": [], "user_permissions": []}}, {"model": "jobseekerapp.customuser", "pk": 34, "fields": {"password": "pbkdf2_sha256$720000$ikruPTxV2EOrsaXm0fFHE6$XBiQK2dwQsCkwsYtSkfwZzMN2mS935xd5uYHxr3eZCs=", "last_login": null, "is_superuser": false, "username": "molly38", "first_name": "", "last_name": "", "email": "creynolds@example.net", "is_staff": false, "is_active": true, "date_joined": "2023-12-10T09:06:36.914Z", "user_type": "jobseeker", "groups": [], "user_permissions": []}}, {"model": "jobseekerapp.customuser", "pk": 35, "fields": {"password": "pbkdf2_sha256$720000$iIAN23TK6aX8MezFLUmvP7$ww1Cu7Lssib7iKMuqYT39h2TC6yGkgSYP7X03F0Jdsg=", "last_login": null, "is_superuser": false, "username": "lauren72", "first_name": "", "last_name": "", "email": "meghan67@example.net", "is_staff": false, "is_active": true, "date_joined": "2023-12-10T09:06:37.892Z", "user_type": "jobseeker", "groups": [], "user_permissions": []}}, {"model": "jobseekerapp.customuser", "pk": 36, "fields": {"password": "pbkdf2_sha256$720000$ktqAnhIbUXkMD1ID1DnPgF$1T/Q7rDN4hMvx1IZbi1ZNMM8vb83n+CeomGI95rhI9A=", "last_login": null, "is_superuser": false, "username": "oray", "first_name": "", "last_name": "", "email": "shawnmunoz@example.org", "is_staff": false, "is_active": true, "date_joined": "2023-12-10T09:06:38.881Z", "user_type": "jobseeker", "groups": [], "user_permissions": []}}, {"model": "jobseekerapp.customuser", "pk": 37, "fields": {"password": "pbkdf2_sha256$720000$V6Thdyn11829JTG1Ioi0jw$pthrs/fZlzeU2lbC2w0qHbi7tLYWnhGlBFL9+cV2BWs=", "last_login": null, "is_superuser": false, "username": "mitchell10", "first_name": "", "last_name": "", "email": "zrogers@example.com", "is_staff": false, "is_active": true, "date_joined": "2023-12-10T09:11:26.198Z", "user_type": "employer", "groups": [], "user_permissions": []}}, {"model": "jobseekerapp.customuser", "pk": 38, "fields": {"password": "pbkdf2_sha256$720000$p11Klm5lDD2wGFmn30U4vD$z85XyF9YUTpXpnkJsL0YLk5v7Wqkga6hvXLZGUQxJJ0=", "last_login": null, "is_superuser": false, "username": "brookerodgers", "first_name": "", "last_name": "", "email": "andersonbrandy@example.org", "is_staff": false, "is_active": true, "date_joined": "2023-12-10T09:11:27.175Z", "user_type": "employer", "groups": [], "user_permissions": []}}, {"model": "jobseekerapp.customuser", "pk": 39, "fields": {"password": "pbkdf2_sha256$720000$ofR85f6dr7wZIFV1g5RlJi$rqVto5vfFyUtRAwtdT8upC2iM9yye1r2zY93NseIo4I=", "last_login": null, "is_superuser": false, "username": "miguel24", "first_name": "", "last_name": "", "email": "henrybishop@example.net", "is_staff": false, "is_active": true, "date_joined": "2023-12-10T09:11:28.263Z", "user_type": "employer", "groups": [], "user_permissions": []}}, {"model": "jobseekerapp.customuser", "pk": 40, "fields": {"password": "pbkdf2_sha256$720000$5D3tLPOApAVoDmUypaN0j1$c8sqwqKXkRnbXO6VdCKM5l/WjAvrVeR/qLuPArrcKBM=", "last_login": null, "is_superuser": false, "username": "douglascoleman", "first_name": "", "last_name": "", "email": "brianedwards@example.net", "is_staff": false, "is_active": true, "date_joined": "2023-12-10T09:11:29.318Z", "user_type": "employer", "groups": [], "user_permissions": []}}, {"model": "jobseekerapp.customuser", "pk": 41, "fields": {"password": "pbkdf2_sha256$720000$8ztC24fB7AxqgmeOEpzRP4$OfQCJsKBwkhTAkNCwvKtTfu1RJK+Z+3XKDAE67t2fhE=", "last_login": null, "is_superuser": false, "username": "snyderlynn", "first_name": "", "last_name": "", "email": "bfarrell@example.org", "is_staff": false, "is_active": true, "date_joined": "2023-12-10T09:11:30.486Z", "user_type": "employer", "groups": [], "user_permissions": []}}, {"model": "jobseekerapp.customuser", "pk": 42, "fields": {"password": "pbkdf2_sha256$720000$1hFb0SZJfFHFmXiXgSeCKa$8NMCkgrwMewk0Sg4/XtdZgvx6jtlYakws0tW8R2QhCc=", "last_login": null, "is_superuser": false, "username": "melendezkatherine", "first_name": "", "last_name": "", "email": "thomas70@example.org", "is_staff": false, "is_active": true, "date_joined": "2023-12-10T09:11:31.705Z", "user_type": "employer", "groups": [], "user_permissions": []}}, {"model": "jobseekerapp.customuser", "pk": 43, "fields": {"password": "pbkdf2_sha256$720000$2REFLGI3pJ3lQABzzVxPn4$duN2Dei8JDST2fovtUGQCpNUjub8xGmX7znwIBFWYGU=", "last_login": null, "is_superuser": false, "username": "jameswilson", "first_name": "", "last_name": "", "email": "marcus95@example.com", "is_staff": false, "is_active": true, "date_joined": "2023-12-10T09:11:32.775Z", "user_type": "employer", "groups": [], "user_permissions": []}}, {"model": "jobseekerapp.customuser", "pk": 44, "fields": {"password": "pbkdf2_sha256$720000$Fy206nruE53wSNT0JMF0OJ$4dFv72paFtsVu6OpLAI4qXUQ3Vxf+M2P6JB8Sa2x5Ww=", "last_login": null, "is_superuser": false, "username": "debracollier", "first_name": "", "last_name": "", "email": "howekenneth@example.com", "is_staff": false, "is_active": true, "date_joined": "2023-12-10T09:11:33.842Z", "user_type": "employer", "groups": [], "user_permissions": []}}, {"model": "jobseekerapp.customuser", "pk": 45, "fields": {"password": "pbkdf2_sha256$720000$G3sSxZNIXJpWE8hdOaV7Gn$c87E+BQZJK1wQu70ME6fY+jrOVOaBqgTzBverwwVR3Y=", "last_login": null, "is_superuser": false, "username": "jessicablack", "first_name": "", "last_name": "", "email": "saramartinez@example.com", "is_staff": false, "is_active": true, "date_joined": "2023-12-10T09:11:34.842Z", "user_type": "employer", "groups": [], "user_permissions": []}}, {"model": "jobseekerapp.customuser", "pk": 46, "fields": {"password": "pbkdf2_sha256$720000$S7l7nuLdLv4Gvhbolc9fEB$qiin+Wpnlx5yv/yb9ghdSNATxKkf91Zhi6UZ/4QojSA=", "last_login": null, "is_superuser": false, "username": "paulcardenas", "first_name": "", "last_name": "", "email": "zacharyporter@example.net", "is_staff": false, "is_active": true, "date_joined": "2023-12-10T09:11:35.864Z", "user_type": "employer", "groups": [], "user_permissions": []}}, {"model": "jobseekerapp.customuser", "pk": 47, "fields": {"password": "pbkdf2_sha256$720000$gIIL8Fxx2N3Uzgr8L6dDtr$+bhORvoTW04pL+pzI34DSXRK3VsZEoUpDXusMzYB1lQ=", "last_login": null, "is_superuser": false, "username": "scott51", "first_name": "", "last_name": "", "email": "tcook@example.net", "is_staff": false, "is_active": true, "date_joined": "2023-12-10T09:11:36.864Z", "user_type": "jobseeker", "groups": [], "user_permissions": []}}, {"model": "jobseekerapp.customuser", "pk": 48, "fields": {"password": "pbkdf2_sha256$720000$nEbRhr8flBjeJ6fw2Ondnr$JxsS7MDN4jc7+W7dLVErTCiaSbnAjURGcPc0k3ZqDGk=", "last_login": null, "is_superuser": false, "username": "sarahruiz", "first_name": "", "last_name": "", "email": "joycegilbert@example.net", "is_staff": false, "is_active": true, "date_joined": "2023-12-10T09:11:37.953Z", "user_type": "jobseeker", "groups": [], "user_permissions": []}}, {"model": "jobseekerapp.customuser", "pk": 49, "fields": {"password": "pbkdf2_sha256$720000$ND7o6l8hPDNN8jK85UCWQ6$VkjF4Z01Wf3Wx4CKHyGGxq3No4enOqUGzxita1H2ELI=", "last_login": null, "is_superuser": false, "username": "johnsoncharles", "first_name": "", "last_name": "", "email": "summersryan@example.net", "is_staff": false, "is_active": true, "date_joined": "2023-12-10T09:11:38.953Z", "user_type": "jobseeker", "groups": [], "user_permissions": []}}, {"model": "jobseekerapp.customuser", "pk": 50, "fields": {"password": "pbkdf2_sha256$720000$G1dTxDXQcCqNFWe8r77PUF$975uCwfivYsUE7B3NPGs93/YH6dcXXGOHbGN1hjhmNU=", "last_login": null, "is_superuser": false, "username": "hjones", "first_name": "", "last_name": "", "email": "ndominguez@example.net", "is_staff": false, "is_active": true, "date_joined": "2023-12-10T09:11:39.931Z", "user_type": "jobseeker", "groups": [], "user_permissions": []}}, {"model": "jobseekerapp.customuser", "pk": 51, "fields": {"password": "pbkdf2_sha256$720000$CBdTleB0wRo9pyfhqfx6dj$w4YLmDDXCpfDEYV7jI3kmZfe6Bj3O4kmIKOMGfMtWU8=", "last_login": null, "is_superuser": false, "username": "stephanietucker", "first_name": "", "last_name": "", "email": "foleyjordan@example.org", "is_staff": false, "is_active": true, "date_joined": "2023-12-10T09:11:40.942Z", "user_type": "jobseeker", "groups": [], "user_permissions": []}}, {"model": "jobseekerapp.customuser", "pk": 52, "fields": {"password": "pbkdf2_sha256$720000$wG3028XH8X5taaogRcuKJT$PcFct00tnmOPsIUInMbtcAMoBAVmMCFh1BN8c5YsVWo=", "last_login": null, "is_superuser": false, "username": "qrhodes", "first_name": "", "last_name": "", "email": "andrewssheila@example.com", "is_staff": false, "is_active": true, "date_joined": "2023-12-10T09:11:42.209Z", "user_type": "jobseeker", "groups": [], "user_permissions": []}}, {"model": "jobseekerapp.customuser", "pk": 53, "fields": {"password": "pbkdf2_sha256$720000$KedY50Bc8qU0FLfh9pAUci$uKhfZFLntTUUB4jxYrMvGn88JYScds4kA4nrmyukkzQ=", "last_login": null, "is_superuser": false, "username": "christina14", "first_name": "", "last_name": "", "email": "chadhamilton@example.com", "is_staff": false, "is_active": true, "date_joined": "2023-12-10T09:11:43.253Z", "user_type": "jobseeker", "groups": [], "user_permissions": []}}, {"model": "jobseekerapp.customuser", "pk": 54, "fields": {"password": "pbkdf2_sha256$720000$mpQpSHjp6BqCZP0JQ4zs9Y$oJSlIWhITVlWy2XAcDkBq+D4YjIrRPWBs4BREFETR2I=", "last_login": null, "is_superuser": false, "username": "ztorres", "first_name": "", "last_name": "", "email": "lirichard@example.org", "is_staff": false, "is_active": true, "date_joined": "2023-12-10T09:11:44.264Z", "user_type": "jobseeker", "groups": [], "user_permissions": []}}, {"model": "jobseekerapp.customuser", "pk": 55, "fields": {"password": "pbkdf2_sha256$720000$cTZWZpkfDIC6Bpulv6E3FA$wh+9KMCKFvYDkNreqtRWePGoVs8GVlNNB10aXKiRMU8=", "last_login": null, "is_superuser": false, "username": "jamesnichols", "first_name": "", "last_name": "", "email": "lyoung@example.com", "is_staff": false, "is_active": true, "date_joined": "2023-12-10T09:11:45.264Z", "user_type": "jobseeker", "groups": [], "user_permissions": []}}, {"model": "jobseekerapp.customuser", "pk": 56, "fields": {"password": "pbkdf2_sha256$720000$QuXuLMzzGMCb6tjh5SPpMN$4AEEryiJ6eJnJMiNnlG1kGhJNmzkqAI5OnsOOYj2ZLk=", "last_login": null, "is_superuser": false, "username": "johnsonpatrick", "first_name": "", "last_name": "", "email": "lopezwilliam@example.org", "is_staff": false, "is_active": true, "date_joined": "2023-12-10T09:11:46.300Z", "user_type": "jobseeker", "groups": [], "user_permissions": []}}, {"model": "jobseekerapp.customuser", "pk": 57, "fields": {"password": "pbkdf2_sha256$720000$Jh0g9tE48pBCyY0LQJZfFo$K7XSAc+yWufO8gATa1S8QJso4OouAi7qVjIY7HCyXNU=", "last_login": null, "is_superuser": false, "username": "mmora", "first_name": "", "last_name": "", "email": "evanstina@example.org", "is_staff": false, "is_active": true, "date_joined": "2023-12-10T09:17:06.916Z", "user_type": "employer", "groups": [], "user_permissions": []}}, {"model": "jobseekerapp.customuser", "pk": 58, "fields": {"password": "pbkdf2_sha256$720000$6FQZByCWl6sIIaJ9q4jveM$jBy8uA3lTkx5JeJUA4ffBiiFzCBNLjvmVMKw/Oj/MPY=", "last_login": null, "is_superuser": false, "username": "craignelson", "first_name": "", "last_name": "", "email": "tescobar@example.net", "is_staff": false, "is_active": true, "date_joined": "2023-12-10T09:17:08.003Z", "user_type": "employer", "groups": [], "user_permissions": []}}, {"model": "jobseekerapp.customuser", "pk": 59, "fields": {"password": "pbkdf2_sha256$720000$GhGi4Qu8w1o9mKtN0FP2dt$WpqKbIA6iC+shQtfd25pd0M+vH9Fxobsq0JyQaFa3zA=", "last_login": null, "is_superuser": false, "username": "smithmarcus", "first_name": "", "last_name": "", "email": "alexanderlopez@example.com", "is_staff": false, "is_active": true, "date_joined": "2023-12-10T09:17:08.981Z", "user_type": "employer", "groups": [], "user_permissions": []}}, {"model": "jobseekerapp.customuser", "pk": 60, "fields": {"password": "pbkdf2_sha256$720000$YMRGM69uReRFFxMMBdW9CV$GdxKWWcXXdEw9XFTH/UdwDyL9QOe6Omv1+fctwdkpYo=", "last_login": null, "is_superuser": false, "username": "blevinshaley", "first_name": "", "last_name": "", "email": "holtalexander@example.com", "is_staff": false, "is_active": true, "date_joined": "2023-12-10T09:17:10.015Z", "user_type": "employer", "groups": [], "user_permissions": []}}, {"model": "jobseekerapp.customuser", "pk": 61, "fields": {"password": "pbkdf2_sha256$720000$MvQI07ZLkrqBsw9ry6bTtQ$uWbbMf94ySg1N2DlJAKSMWYkXqQhPE3yIJUIGskKO10=", "last_login": null, "is_superuser": false, "username": "danielwheeler", "first_name": "", "last_name": "", "email": "robert83@example.net", "is_staff": false, "is_active": true, "date_joined": "2023-12-10T09:17:11.037Z", "user_type": "employer", "groups": [], "user_permissions": []}}, {"model": "jobseekerapp.customuser", "pk": 62, "fields": {"password": "pbkdf2_sha256$720000$Xanlk9zfvL8SfUxQXyqOgo$eTK8ch0uPXff4gsnYz53K/DvWAEoO9MRod96Ecem/4I=", "last_login": null, "is_superuser": false, "username": "timothythomas", "first_name": "", "last_name": "", "email": "harriscrystal@example.com", "is_staff": false, "is_active": true, "date_joined": "2023-12-10T09:17:12.059Z", "user_type": "employer", "groups": [], "user_permissions": []}}, {"model": "jobseekerapp.customuser", "pk": 63, "fields": {"password": "pbkdf2_sha256$720000$eTyF1XV4UBWZlRyvpE2i2q$CbaxDCY0igPvckVNpYKYwtkBT8ug1xJqZpOLsqEs2gY=", "last_login": null, "is_superuser": false, "username": "kaylaherrera", "first_name": "", "last_name": "", "email": "patrickbrewer@example.com", "is_staff": false, "is_active": true, "date_joined": "2023-12-10T09:17:13.048Z", "user_type": "employer", "groups": [], "user_permissions": []}}, {"model": "jobseekerapp.customuser", "pk": 64, "fields": {"password": "pbkdf2_sha256$720000$IKcjXIVpSEsq2kXTdZDxHv$18NSbMvMxQZJUNwDCrdqH0xPezbm22BRJoaFwy/UKYg=", "last_login": null, "is_superuser": false, "username": "glassbilly", "first_name": "", "last_name": "", "email": "stephanieking@example.com", "is_staff": false, "is_active": true, "date_joined": "2023-12-10T09:17:14.037Z", "user_type": "employer", "groups": [], "user_permissions": []}}, {"model": "jobseekerapp.customuser", "pk": 65, "fields": {"password": "pbkdf2_sha256$720000$dRIhNX47FVMc0oUNMYckgw$6BgQade++9i6H24gUzlUNMLKBs/3FicLGn7AWrHA+gs=", "last_login": null, "is_superuser": false, "username": "paynejamie", "first_name": "", "last_name": "", "email": "benjamin71@example.net", "is_staff": false, "is_active": true, "date_joined": "2023-12-10T09:17:15.037Z", "user_type": "employer", "groups": [], "user_permissions": []}}, {"model": "jobseekerapp.customuser", "pk": 66, "fields": {"password": "pbkdf2_sha256$720000$XTQ0Tw07MlAAyoRKCExTVn$a74xFpMSFA7ahPxsgdh0QydkAUMguojuskz5fmlwQqI=", "last_login": null, "is_superuser": false, "username": "richardpatterson", "first_name": "", "last_name": "", "email": "mason83@example.com", "is_staff": false, "is_active": true, "date_joined": "2023-12-10T09:17:16.415Z", "user_type": "employer", "groups": [], "user_permissions": []}}, {"model": "jobseekerapp.customuser", "pk": 67, "fields": {"password": "pbkdf2_sha256$720000$uLREvKlnTKhFGYlXco2ZQl$jkurKmjeX9PuwN+WLAVpn7nivmwcgn5zF9AaiKS1qvc=", "last_login": null, "is_superuser": false, "username": "davidhorne", "first_name": "", "last_name": "", "email": "eatonkendra@example.com", "is_staff": false, "is_active": true, "date_joined": "2023-12-10T09:17:17.515Z", "user_type": "jobseeker", "groups": [], "user_permissions": []}}, {"model": "jobseekerapp.customuser", "pk": 68, "fields": {"password": "pbkdf2_sha256$720000$Ea0oEuFybKwJ8qsc6UiCDd$P4QApBjWNkeIOqqO4v2y1WhtPuV6xSQ1w3JDXM2fXXI=", "last_login": null, "is_superuser": false, "username": "kmills", "first_name": "", "last_name": "", "email": "davidcamacho@example.org", "is_staff": false, "is_active": true, "date_joined": "2023-12-10T09:17:18.560Z", "user_type": "jobseeker", "groups": [], "user_permissions": []}}, {"model": "jobseekerapp.customuser", "pk": 69, "fields": {"password": "pbkdf2_sha256$720000$O9KjLKva8SJtgatVAelC5C$ZBbPBkx2yCHVPNEbCkEKo02Jzyt/dLOkjAJcWeMn9Hk=", "last_login": null, "is_superuser": false, "username": "cjackson", "first_name": "", "last_name": "", "email": "tricia86@example.net", "is_staff": false, "is_active": true, "date_joined": "2023-12-10T09:17:19.593Z", "user_type": "jobseeker", "groups": [], "user_permissions": []}}, {"model": "jobseekerapp.customuser", "pk": 70, "fields": {"password": "pbkdf2_sha256$720000$OO40qyy2xrAfuoxvnFxLPt$484VYaU1FaeNlcdGVBYf6osSmgsNgcxYIHNH4uGMeNw=", "last_login": null, "is_superuser": false, "username": "robert81", "first_name": "", "last_name": "", "email": "jdalton@example.org", "is_staff": false, "is_active": true, "date_joined": "2023-12-10T09:17:20.637Z", "user_type": "jobseeker", "groups": [], "user_permissions": []}}, {"model": "jobseekerapp.customuser", "pk": 71, "fields": {"password": "pbkdf2_sha256$720000$jvHgvNqJNQrM1eZrx0v3H7$0vs4j35VS2ppwFfsEaSHMpb9wpUd06b6upK/raPGUow=", "last_login": null, "is_superuser": false, "username": "castillokenneth", "first_name": "", "last_name": "", "email": "beckymcdaniel@example.com", "is_staff": false, "is_active": true, "date_joined": "2023-12-10T09:17:21.893Z", "user_type": "jobseeker", "groups": [], "user_permissions": []}}, {"model": "jobseekerapp.customuser", "pk": 72, "fields": {"password": "pbkdf2_sha256$720000$8LDJuDaqAZqLVAiXCS2ztB$5yfeTgTZBOuXXf+PQaHU5IicHb3qtb3saWIG5WDvjU4=", "last_login": null, "is_superuser": false, "username": "ewallace", "first_name": "", "last_name": "", "email": "rlee@example.net", "is_staff": false, "is_active": true, "date_joined": "2023-12-10T09:17:22.882Z", "user_type": "jobseeker", "groups": [], "user_permissions": []}}, {"model": "jobseekerapp.customuser", "pk": 73, "fields": {"password": "pbkdf2_sha256$720000$YttxJ9KfeZQFlXPfEOL5Wb$h6x3CPkzMicshU5xHr7j5tUDX0CsZ8EhmM01DskuAZs=", "last_login": null, "is_superuser": false, "username": "smithpam", "first_name": "", "last_name": "", "email": "danderson@example.net", "is_staff": false, "is_active": true, "date_joined": "2023-12-10T09:17:23.904Z", "user_type": "jobseeker", "groups": [], "user_permissions": []}}, {"model": "jobseekerapp.customuser", "pk": 74, "fields": {"password": "pbkdf2_sha256$720000$lrfYMwuRhlbJjsSingyBKE$+okLQNPOgfakwzPxcvxW09Kv3oua4ENRwiAiKODMvbg=", "last_login": null, "is_superuser": false, "username": "grahamamy", "first_name": "", "last_name": "", "email": "chris77@example.com", "is_staff": false, "is_active": true, "date_joined": "2023-12-10T09:17:24.915Z", "user_type": "jobseeker", "groups": [], "user_permissions": []}}, {"model": "jobseekerapp.customuser", "pk": 75, "fields": {"password": "pbkdf2_sha256$720000$FzdZAENyMRXk0hj8CKxK9k$SJp7EoAtrygS+gXg9Li8oE0FRhF5TWrXnoOzzpIdXHI=", "last_login": null, "is_superuser": false, "username": "gonzalezrobert", "first_name": "", "last_name": "", "email": "david76@example.com", "is_staff": false, "is_active": true, "date_joined": "2023-12-10T09:17:25.938Z", "user_type": "jobseeker", "groups": [], "user_permissions": []}}, {"model": "jobseekerapp.customuser", "pk": 76, "fields": {"password": "pbkdf2_sha256$720000$agogMlkJ6PHWmGZjpcr9fl$SjcvmSULsJozU0hVDu0evJFmDBPMRGE74P7tSfo2gH0=", "last_login": null, "is_superuser": false, "username": "uwong", "first_name": "", "last_name": "", "email": "gonzalezcourtney@example.com", "is_staff": false, "is_active": true, "date_joined": "2023-12-10T09:17:26.960Z", "user_type": "jobseeker", "groups": [], "user_permissions": []}}, {"model": "jobseekerapp.customuser", "pk": 77, "fields": {"password": "pbkdf2_sha256$720000$tRhzobE9xcXOO5kOwx4D3e$P1h36MCnAKTnterl6MZLjUe0LNW3un6wQkXEYUqf5Jw=", "last_login": null, "is_superuser": false, "username": "donna74", "first_name": "", "last_name": "", "email": "andersonjohn@example.net", "is_staff": false, "is_active": true, "date_joined": "2023-12-10T09:19:42.512Z", "user_type": "employer", "groups": [], "user_permissions": []}}, {"model": "jobseekerapp.customuser", "pk": 78, "fields": {"password": "pbkdf2_sha256$720000$77gSSL2Huzl3Pc2A12Z6WJ$SQCXyyMFtDQinzH8nUY6nKsYBaNd4qpulq9ADqRIYr4=", "last_login": null, "is_superuser": false, "username": "rubioantonio", "first_name": "", "last_name": "", "email": "catherine16@example.net", "is_staff": false, "is_active": true, "date_joined": "2023-12-10T09:19:43.555Z", "user_type": "employer", "groups": [], "user_permissions": []}}, {"model": "jobseekerapp.customuser", "pk": 79, "fields": {"password": "pbkdf2_sha256$720000$wl5ONm794gMJsGZ2q6HNOL$7jT8peiST7elx9Ywee4Zn68z6CtvjbCr/+6AYO4ZIDc=", "last_login": null, "is_superuser": false, "username": "royfuentes", "first_name": "", "last_name": "", "email": "mariascott@example.org", "is_staff": false, "is_active": true, "date_joined": "2023-12-10T09:19:44.634Z", "user_type": "employer", "groups": [], "user_permissions": []}}, {"model": "jobseekerapp.customuser", "pk": 80, "fields": {"password": "pbkdf2_sha256$720000$eAi0eVNX5QzuoUf8oWdEVL$zL37jlyjC7oN0FL19Plp8qVuZe7cGtD0GZytZ52J69Y=", "last_login": null, "is_superuser": false, "username": "stacy20", "first_name": "", "last_name": "", "email": "deborah60@example.net", "is_staff": false, "is_active": true, "date_joined": "2023-12-10T09:19:45.678Z", "user_type": "employer", "groups": [], "user_permissions": []}}, {"model": "jobseekerapp.customuser", "pk": 81, "fields": {"password": "pbkdf2_sha256$720000$2709OWj5sEubTK7vvHJyqp$6QU7MhMTaEzFc7iCEdEn/kVZhCNZyIUX+r4m0sk2j0Y=", "last_login": null, "is_superuser": false, "username": "meganpierce", "first_name": "", "last_name": "", "email": "payneanne@example.net", "is_staff": false, "is_active": true, "date_joined": "2023-12-10T09:19:46.767Z", "user_type": "employer", "groups": [], "user_permissions": []}}, {"model": "jobseekerapp.customuser", "pk": 82, "fields": {"password": "pbkdf2_sha256$720000$9S1J52FzATbpPiXDEaFmB5$+STCsdGzpLfEV9W/QTDohQ2Q6vmNtoUeXKWRs+XienY=", "last_login": null, "is_superuser": false, "username": "melissabaker", "first_name": "", "last_name": "", "email": "glennwoods@example.net", "is_staff": false, "is_active": true, "date_joined": "2023-12-10T09:19:47.823Z", "user_type": "employer", "groups": [], "user_permissions": []}}, {"model": "jobseekerapp.customuser", "pk": 83, "fields": {"password": "pbkdf2_sha256$720000$P68y6Wyd9YUJN94F83Xr7M$tELTpB/XkB0C/wJxhWGQjrM5z+IUtRa6dv+KnJXGjW0=", "last_login": null, "is_superuser": false, "username": "teresamiller", "first_name": "", "last_name": "", "email": "smithkevin@example.net", "is_staff": false, "is_active": true, "date_joined": "2023-12-10T09:19:48.912Z", "user_type": "employer", "groups": [], "user_permissions": []}}, {"model": "jobseekerapp.customuser", "pk": 84, "fields": {"password": "pbkdf2_sha256$720000$GH9QOkD1Qw8QAJPICih4fH$7oabZ5o9xnGCnmg283/XjhaykP+6FB20U80MujOQqiY=", "last_login": null, "is_superuser": false, "username": "williamerickson", "first_name": "", "last_name": "", "email": "josesmith@example.com", "is_staff": false, "is_active": true, "date_joined": "2023-12-10T09:19:49.968Z", "user_type": "employer", "groups": [], "user_permissions": []}}, {"model": "jobseekerapp.customuser", "pk": 85, "fields": {"password": "pbkdf2_sha256$720000$XriTO8YUIeZVzNvay9F6jW$8xeLbyOf8DGH52hPxAqXAm9ETZFWi7RbWhasZwhW2AE=", "last_login": null, "is_superuser": false, "username": "valeriehall", "first_name": "", "last_name": "", "email": "william27@example.net", "is_staff": false, "is_active": true, "date_joined": "2023-12-10T09:19:51.023Z", "user_type": "employer", "groups": [], "user_permissions": []}}, {"model": "jobseekerapp.customuser", "pk": 86, "fields": {"password": "pbkdf2_sha256$720000$eNOO81nkUH5xJWoAvgWf1N$z3l5RrOMLn32XQ8KNOPDDf5AdIH1E8GtTTLuOKc7/vs=", "last_login": null, "is_superuser": false, "username": "carmenrobinson", "first_name": "", "last_name": "", "email": "mclaughlinronald@example.net", "is_staff": false, "is_active": true, "date_joined": "2023-12-10T09:19:52.068Z", "user_type": "employer", "groups": [], "user_permissions": []}}, {"model": "jobseekerapp.customuser", "pk": 87, "fields": {"password": "pbkdf2_sha256$720000$wqAPUFkwtPKqnOTQqvwxKU$BqD1Ew0G9VDoHkzEYKm8PZyYr3Fgokwq5LB2+JrgFZY=", "last_login": null, "is_superuser": false, "username": "smithwalter", "first_name": "", "last_name": "", "email": "owenseric@example.org", "is_staff": false, "is_active": true, "date_joined": "2023-12-10T09:19:53.146Z", "user_type": "jobseeker", "groups": [], "user_permissions": []}}, {"model": "jobseekerapp.customuser", "pk": 88, "fields": {"password": "pbkdf2_sha256$720000$0i7oua6wR8ALCrnvLxW5wY$KVNEN8GbHe28VES2bA1LJf4zNsDrMWiXgqmEwwcGO2Y=", "last_login": null, "is_superuser": false, "username": "hillgina", "first_name": "", "last_name": "", "email": "ucampbell@example.com", "is_staff": false, "is_active": true, "date_joined": "2023-12-10T09:19:54.168Z", "user_type": "jobseeker", "groups": [], "user_permissions": []}}, {"model": "jobseekerapp.customuser", "pk": 89, "fields": {"password": "pbkdf2_sha256$720000$tt14i8nYyXHh7FDTOueitN$YsI7N2+L6Er7zD78wbiH1ITK9KmVjVuaycHMyHWLB5U=", "last_login": null, "is_superuser": false, "username": "katherine71", "first_name": "", "last_name": "", "email": "codybanks@example.net", "is_staff": false, "is_active": true, "date_joined": "2023-12-10T09:19:55.279Z", "user_type": "jobseeker", "groups": [], "user_permissions": []}}, {"model": "jobseekerapp.customuser", "pk": 90, "fields": {"password": "pbkdf2_sha256$720000$mxvC19ufxFybyd7vZEyu1z$DwBDfrFNkQLCxKVlfBS+uz/k8GFenX29eR9NPz5gp2Q=", "last_login": null, "is_superuser": false, "username": "lisa38", "first_name": "", "last_name": "", "email": "tara89@example.org", "is_staff": false, "is_active": true, "date_joined": "2023-12-10T09:19:56.268Z", "user_type": "jobseeker", "groups": [], "user_permissions": []}}, {"model": "jobseekerapp.customuser", "pk": 91, "fields": {"password": "pbkdf2_sha256$720000$cQHK9HgCoEGNsswz4C3sIa$ZUSOCKoN/VxA558pAZaBnytoHYLzDK0EFOeUV74H5hU=", "last_login": null, "is_superuser": false, "username": "parkergregory", "first_name": "", "last_name": "", "email": "phamsherry@example.com", "is_staff": false, "is_active": true, "date_joined": "2023-12-10T09:19:57.312Z", "user_type": "jobseeker", "groups": [], "user_permissions": []}}, {"model": "jobseekerapp.customuser", "pk": 92, "fields": {"password": "pbkdf2_sha256$720000$H3tci8DzasJRzGXDrpwYVy$3EXx2vhW1fMHjSH+TDKKGYsdZEKDq4wZ9biWy00mjqc=", "last_login": null, "is_superuser": false, "username": "anthonygregory", "first_name": "", "last_name": "", "email": "lisa91@example.net", "is_staff": false, "is_active": true, "date_joined": "2023-12-10T09:19:58.391Z", "user_type": "jobseeker", "groups": [], "user_permissions": []}}, {"model": "jobseekerapp.customuser", "pk": 93, "fields": {"password": "pbkdf2_sha256$720000$nwDKrc3eQ85Wq7OXEOQ47E$peAzxEtrOOuUL4FfI6An8QlfX0AhzzSdZ6M9TM6Mg9g=", "last_login": null, "is_superuser": false, "username": "lhoffman", "first_name": "", "last_name": "", "email": "williamwoodward@example.org", "is_staff": false, "is_active": true, "date_joined": "2023-12-10T09:19:59.479Z", "user_type": "jobseeker", "groups": [], "user_permissions": []}}, {"model": "jobseekerapp.customuser", "pk": 94, "fields": {"password": "pbkdf2_sha256$720000$kHm2YaLlEwoDGJMqYRNAq6$hUzMupoHAFQ/vFenj4BOO3QYrQdcaoRKf/yzmaG1TRg=", "last_login": null, "is_superuser": false, "username": "julia51", "first_name": "", "last_name": "", "email": "zmartinez@example.net", "is_staff": false, "is_active": true, "date_joined": "2023-12-10T09:20:00.601Z", "user_type": "jobseeker", "groups": [], "user_permissions": []}}, {"model": "jobseekerapp.customuser", "pk": 95, "fields": {"password": "pbkdf2_sha256$720000$2Z1JpDt5K66zccMCGNRV7C$rptFZJc4wnKTeH5R1AfhOxuJokCU7g6GosxKk1RAqoM=", "last_login": null, "is_superuser": false, "username": "kyoung", "first_name": "", "last_name": "", "email": "frank17@example.net", "is_staff": false, "is_active": true, "date_joined": "2023-12-10T09:20:01.679Z", "user_type": "jobseeker", "groups": [], "user_permissions": []}}, {"model": "jobseekerapp.customuser", "pk": 96, "fields": {"password": "pbkdf2_sha256$720000$Kfm5HQPmoE2SKFCqORdnuR$QB4CDO5QRH+6R9RW52PQJwqUNjpTdgXwEpLzOFWHV3c=", "last_login": null, "is_superuser": false, "username": "perezkimberly", "first_name": "", "last_name": "", "email": "moramercedes@example.org", "is_staff": false, "is_active": true, "date_joined": "2023-12-10T09:20:02.713Z", "user_type": "jobseeker", "groups": [], "user_permissions": []}}, {"model": "jobseekerapp.customuser", "pk": 97, "fields": {"password": "pbkdf2_sha256$720000$m30YKlBrzdi7yoXSv8YtZB$Exc0WOLITQzmKxnX5zcPQPT202lMcoVg6UaLYuegfJo=", "last_login": null, "is_superuser": false, "username": "kwhite", "first_name": "", "last_name": "", "email": "cpennington@example.org", "is_staff": false, "is_active": true, "date_joined": "2023-12-10T09:22:26.681Z", "user_type": "employer", "groups": [], "user_permissions": []}}, {"model": "jobseekerapp.customuser", "pk": 98, "fields": {"password": "pbkdf2_sha256$720000$rDVkKXnbcOo0tJpIrT3b6x$+DGDCB0xnOunFr4AJDoiBt8J5J1Vr/1IO7B/NF7naE4=", "last_login": null, "is_superuser": false, "username": "janiceboyd", "first_name": "", "last_name": "", "email": "schultzjulie@example.net", "is_staff": false, "is_active": true, "date_joined": "2023-12-10T09:22:27.775Z", "user_type": "employer", "groups": [], "user_permissions": []}}, {"model": "jobseekerapp.customuser", "pk": 99, "fields": {"password": "pbkdf2_sha256$720000$BubLzPhvY87qIRBbAfhNyc$kvdL2vXmBOn6Fk4IoB/GYEH7l5lYqikaSu1av2LYizI=", "last_login": null, "is_superuser": false, "username": "ywarren", "first_name": "", "last_name": "", "email": "frank55@example.com", "is_staff": false, "is_active": true, "date_joined": "2023-12-10T09:22:28.753Z", "user_type": "employer", "groups": [], "user_permissions": []}}, {"model": "jobseekerapp.customuser", "pk": 100, "fields": {"password": "pbkdf2_sha256$720000$J7MJoby2y4NFNwUQ2iRHDm$e9S1GtRSlumw5nERTr6JVTNJuI+g1tSlglK9q2a4/1k=", "last_login": null, "is_superuser": false, "username": "tapiarobert", "first_name": "", "last_name": "", "email": "kellylawson@example.net", "is_staff": false, "is_active": true, "date_joined": "2023-12-10T09:22:29.809Z", "user_type": "employer", "groups": [], "user_permissions": []}}, {"model": "jobseekerapp.customuser", "pk": 101, "fields": {"password": "pbkdf2_sha256$720000$4vXReXIhtTlIuXvzNRGtXy$Yz4irAcuzVYwqU4CJsLBp+KqIS+HZhCd9PNkJXifjq4=", "last_login": null, "is_superuser": false, "username": "qortega", "first_name": "", "last_name": "", "email": "jeverett@example.net", "is_staff": false, "is_active": true, "date_joined": "2023-12-10T09:22:30.842Z", "user_type": "employer", "groups": [], "user_permissions": []}}, {"model": "jobseekerapp.customuser", "pk": 102, "fields": {"password": "pbkdf2_sha256$720000$cvucDqTjOYz9ECeAtRcFvf$zSY4xGgEEDEDaaFOWKA0jhwXkQpvBF2/HhnOO41aVL4=", "last_login": null, "is_superuser": false, "username": "joneswilliam", "first_name": "", "last_name": "", "email": "uflores@example.org", "is_staff": false, "is_active": true, "date_joined": "2023-12-10T09:22:31.887Z", "user_type": "employer", "groups": [], "user_permissions": []}}, {"model": "jobseekerapp.customuser", "pk": 103, "fields": {"password": "pbkdf2_sha256$720000$rJOE41X4sumzDFqn2PZyzU$tEpA6/A5sjv4QlpMMwfdoEbaf4AsFY4tr9AjYKdm6s8=", "last_login": null, "is_superuser": false, "username": "jacqueline14", "first_name": "", "last_name": "", "email": "berryalexandra@example.com", "is_staff": false, "is_active": true, "date_joined": "2023-12-10T09:22:32.976Z", "user_type": "employer", "groups": [], "user_permissions": []}}, {"model": "jobseekerapp.customuser", "pk": 104, "fields": {"password": "pbkdf2_sha256$720000$Q69OHji2gmpkqjYxmsKwQ9$zRnRJIJ/GnD4HJaL7iz6yZtYZyBeRzoaD1ZQ2ZMo8yo=", "last_login": null, "is_superuser": false, "username": "xgraham", "first_name": "", "last_name": "", "email": "stephanieromero@example.com", "is_staff": false, "is_active": true, "date_joined": "2023-12-10T09:22:34.065Z", "user_type": "employer", "groups": [], "user_permissions": []}}, {"model": "jobseekerapp.customuser", "pk": 105, "fields": {"password": "pbkdf2_sha256$720000$JJ3mTo8HF49hZIz5uhfS0F$qRwej5FHIhFfPQmhrISrfRgjRF+PqpQb4s+LZ6PL28s=", "last_login": null, "is_superuser": false, "username": "zachary94", "first_name": "", "last_name": "", "email": "mlove@example.net", "is_staff": false, "is_active": true, "date_joined": "2023-12-10T09:22:35.098Z", "user_type": "employer", "groups": [], "user_permissions": []}}, {"model": "jobseekerapp.customuser", "pk": 106, "fields": {"password": "pbkdf2_sha256$720000$HgCqWS2WTEH6LPwdEjNzjJ$S16/2xyRzFuYrx7gMbUzWtrvzp4QylONkNRc16wD5O0=", "last_login": null, "is_superuser": false, "username": "cruztiffany", "first_name": "", "last_name": "", "email": "danielbaker@example.org", "is_staff": false, "is_active": true, "date_joined": "2023-12-10T09:22:36.132Z", "user_type": "employer", "groups": [], "user_permissions": []}}, {"model": "jobseekerapp.customuser", "pk": 107, "fields": {"password": "pbkdf2_sha256$720000$901VDUbd3OOsdPrKEO6mA9$ocf8nO9+Xi/9lJKUKD3AU212fc5nmp/EVvnf2fidX6s=", "last_login": null, "is_superuser": false, "username": "ocook", "first_name": "", "last_name": "", "email": "justin46@example.com", "is_staff": false, "is_active": true, "date_joined": "2023-12-10T09:22:37.176Z", "user_type": "jobseeker", "groups": [], "user_permissions": []}}, {"model": "jobseekerapp.customuser", "pk": 108, "fields": {"password": "pbkdf2_sha256$720000$0aLtGGfDiVIhF2Aya3gnmy$FzeZyOicoBKPPYRwMfGEAGoMUkNrUM0VlnBRDTgQDWE=", "last_login": null, "is_superuser": false, "username": "ihughes", "first_name": "", "last_name": "", "email": "brownlaura@example.net", "is_staff": false, "is_active": true, "date_joined": "2023-12-10T09:22:38.331Z", "user_type": "jobseeker", "groups": [], "user_permissions": []}}, {"model": "jobseekerapp.customuser", "pk": 109, "fields": {"password": "pbkdf2_sha256$720000$YTawrYxOWkdV5EbOjFmJOr$eUXU5Q7HGctglGoskWBJkCYAlyeBNKBAUtWlYJsXzfY=", "last_login": null, "is_superuser": false, "username": "riverajessica", "first_name": "", "last_name": "", "email": "prattmatthew@example.org", "is_staff": false, "is_active": true, "date_joined": "2023-12-10T09:22:39.421Z", "user_type": "jobseeker", "groups": [], "user_permissions": []}}, {"model": "jobseekerapp.customuser", "pk": 110, "fields": {"password": "pbkdf2_sha256$720000$MihVamzvwRHcsJVc91t6pe$g+N1zzqy+oy+6CUdKv054XakTo4FsAitYyLScxaM96g=", "last_login": null, "is_superuser": false, "username": "nking", "first_name": "", "last_name": "", "email": "jonathan63@example.com", "is_staff": false, "is_active": true, "date_joined": "2023-12-10T09:22:40.465Z", "user_type": "jobseeker", "groups": [], "user_permissions": []}}, {"model": "jobseekerapp.customuser", "pk": 111, "fields": {"password": "pbkdf2_sha256$720000$6TEFeDvtdwnMMXagqhtaLN$lsKm0o38qd7GFvMJ65XAkBcD1ovqmf5Qtv2vZuOvBWA=", "last_login": null, "is_superuser": false, "username": "rachel55", "first_name": "", "last_name": "", "email": "wendywalker@example.com", "is_staff": false, "is_active": true, "date_joined": "2023-12-10T09:22:41.599Z", "user_type": "jobseeker", "groups": [], "user_permissions": []}}, {"model": "jobseekerapp.customuser", "pk": 112, "fields": {"password": "pbkdf2_sha256$720000$Ab74IFBLUSKMKRzhrpPq9N$3/XCpgg1GRvSOnjsTuALsezUDTiitTFCZKiHXucR2UM=", "last_login": null, "is_superuser": false, "username": "sean32", "first_name": "", "last_name": "", "email": "saundersjonathan@example.org", "is_staff": false, "is_active": true, "date_joined": "2023-12-10T09:22:42.665Z", "user_type": "jobseeker", "groups": [], "user_permissions": []}}, {"model": "jobseekerapp.customuser", "pk": 113, "fields": {"password": "pbkdf2_sha256$720000$IlWd5ogjszOTyUIRg3m05p$XC5VVXmMwR+wC7rWsTUr1pejq2QnG8IFvGLzl8Bwmcc=", "last_login": null, "is_superuser": false, "username": "castroemily", "first_name": "", "last_name": "", "email": "meyerrichard@example.net", "is_staff": false, "is_active": true, "date_joined": "2023-12-10T09:22:43.732Z", "user_type": "jobseeker", "groups": [], "user_permissions": []}}, {"model": "jobseekerapp.customuser", "pk": 114, "fields": {"password": "pbkdf2_sha256$720000$qyQOE9r72NLFKsvAOTGGbU$UzEkJoxil2d0mfd98HKfMybbQA6CQhKLsnHo3MIwC2k=", "last_login": null, "is_superuser": false, "username": "alexisgomez", "first_name": "", "last_name": "", "email": "elizabethfarrell@example.com", "is_staff": false, "is_active": true, "date_joined": "2023-12-10T09:22:44.832Z", "user_type": "jobseeker", "groups": [], "user_permissions": []}}, {"model": "jobseekerapp.customuser", "pk": 115, "fields": {"password": "pbkdf2_sha256$720000$KYM088x0tkJZIuk3pvEFZE$tiJWEdXIa/tNGrFbujuP1GKKnRoQAMhKPGnTE+pBzxw=", "last_login": null, "is_superuser": false, "username": "jenkinsjerry", "first_name": "", "last_name": "", "email": "jasminewilliams@example.org", "is_staff": false, "is_active": true, "date_joined": "2023-12-10T09:22:45.998Z", "user_type": "jobseeker", "groups": [], "user_permissions": []}}, {"model": "jobseekerapp.customuser", "pk": 116, "fields": {"password": "pbkdf2_sha256$720000$vL2jpAiDlBUAYPnngA7tGe$VrxqxIyfHvrZsfOKJZQIQrKQrlOcc+2poFmPa7/ZnGU=", "last_login": null, "is_superuser": false, "username": "qrobertson", "first_name": "", "last_name": "", "email": "kimberlywebb@example.com", "is_staff": false, "is_active": true, "date_joined": "2023-12-10T09:22:47.165Z", "user_type": "jobseeker", "groups": [], "user_permissions": []}}, {"model": "jobseekerapp.jobseeker", "pk": 51, "fields": {"user": 107, "name": "Christopher Johnson", "email": "justin46@example.com", "phone_number": "+1-590-433-5321", "resume": "usually.pdf", "skills": "imagine day find start interview"}}, {"model": "jobseekerapp.jobseeker", "pk": 52, "fields": {"user": 108, "name": "Shawn Townsend", "email": "brownlaura@example.net", "phone_number": "(826)217-7821x317", "resume": "blue.pdf", "skills": "job meet sea board rich"}}, {"model": "jobseekerapp.jobseeker", "pk": 53, "fields": {"user": 109, "name": "Christopher Kerr", "email": "prattmatthew@example.org", "phone_number": "866.303.6236", "resume": "quality.pdf", "skills": "begin practice meeting people onto"}}, {"model": "jobseekerapp.jobseeker", "pk": 54, "fields": {"user": 110, "name": "Kathy Clark", "email": "jonathan63@example.com", "phone_number": "001-448-237-6239x2533", "resume": "of.pdf", "skills": "including agreement represent no show"}}, {"model": "jobseekerapp.jobseeker", "pk": 55, "fields": {"user": 111, "name": "Mary Meyer", "email": "wendywalker@example.com", "phone_number": "+1-846-745-6269x9398", "resume": "wife.pdf", "skills": "whether large cause my low"}}, {"model": "jobseekerapp.jobseeker", "pk": 56, "fields": {"user": 112, "name": "Grant Allison", "email": "saundersjonathan@example.org", "phone_number": "(878)822-3184x795", "resume": "follow.pdf", "skills": "house like less line tax"}}, {"model": "jobseekerapp.jobseeker", "pk": 57, "fields": {"user": 113, "name": "Timothy Bell", "email": "meyerrichard@example.net", "phone_number": "001-285-613-0581x307", "resume": "sort.pdf", "skills": "debate course short security thank"}}, {"model": "jobseekerapp.jobseeker", "pk": 58, "fields": {"user": 114, "name": "Margaret Price", "email": "elizabethfarrell@example.com", "phone_number": "(705)388-3930x8095", "resume": "make.pdf", "skills": "edge raise six time bad"}}, {"model": "jobseekerapp.jobseeker", "pk": 59, "fields": {"user": 115, "name": "David Rocha", "email": "jasminewilliams@example.org", "phone_number": "001-885-494-5357x03574", "resume": "over.pdf", "skills": "bill skill kid degree whole"}}, {"model": "jobseekerapp.jobseeker", "pk": 60, "fields": {"user": 116, "name": "Edward Wise", "email": "kimberlywebb@example.com", "phone_number": "(321)976-7112x837", "resume": "daughter.pdf", "skills": "we human simple expect newspaper"}}, {"model": "jobseekerapp.employer", "pk": 46, "fields": {"user": 97, "employer_name": "Buchanan LLC", "email": "cpennington@example.org", "phone_number": "381.389.5971x104"}}, {"model": "jobseekerapp.employer", "pk": 47, "fields": {"user": 98, "employer_name": "Snyder Inc", "email": "schultzjulie@example.net", "phone_number": "001-720-793-7001x22349"}}, {"model": "jobseekerapp.employer", "pk": 48, "fields": {"user": 99, "employer_name": "Porter-Diaz", "email": "frank55@example.com", "phone_number": "9507129298"}}, {"model": "jobseekerapp.employer", "pk": 49, "fields": {"user": 100, "employer_name": "Contreras and Sons", "email": "kellylawson@example.net", "phone_number": "001-868-928-9158"}}, {"model": "jobseekerapp.employer", "pk": 50, "fields": {"user": 101, "employer_name": "Hogan Group", "email": "jeverett@example.net", "phone_number": "(518)600-8268"}}, {"model": "jobseekerapp.employer", "pk": 51, "fields": {"user": 102, "employer_name": "Flores, Johnson and Perry", "email": "uflores@example.org", "phone_number": "849.868.7595x6221"}}, {"model": "jobseekerapp.employer", "pk": 52, "fields": {"user": 103, "employer_name": "Harper PLC", "email": "berryalexandra@example.com", "phone_number": "001-991-902-9320x29681"}}, {"model": "jobseekerapp.employer", "pk": 53, "fields": {"user": 104, "employer_name": "Hood Inc", "email": "stephanieromero@example.com", "phone_number": "778-660-3239"}}, {"model": "jobseekerapp.employer", "pk": 54, "fields": {"user": 105, "employer_name": "Harris-Holden", "email": "mlove@example.net", "phone_number": "884-402-0829x7995"}}, {"model": "jobseekerapp.employer", "pk": 55, "fields": {"user": 106, "employer_name": "Hill LLC", "email": "danielbaker@example.org", "phone_number": "001-335-293-6790x5370"}}, {"model": "jobseekerapp.job", "pk": 41, "fields": {"title": "Software Engineer", "company_name": "Buchanan LLC", "description": "House six customer. Soldier appear professional traditional.\nCouple among artist difficult food see point. Generation call produce place bring quickly.", "location": "Beijing", "date_posted": "2020-07-07T13:00:52.835Z", "job_type": "Part-time", "skills_required": "role let health should dinner", "salary_range": "90,000 - 120,000 Ksh", "employer": 46}}, {"model": "jobseekerapp.job", "pk": 42, "fields": {"title": "Software Developer", "company_name": "Snyder Inc", "description": "Financial near treat area example alone turn. Plan school their drop nation speak news.\nDuring figure people task certain once per case. Almost true let fish.\nPerhaps among stand. Eat bill by today.", "location": "Nairobi", "date_posted": "2022-04-21T19:26:00.525Z", "job_type": "Remote", "skills_required": "improve fire moment list exist", "salary_range": "90,000 - 120,000 Ksh", "employer": 47}}, {"model": "jobseekerapp.job", "pk": 43, "fields": {"title": "Data Scientist", "company_name": "Porter-Diaz", "description": "Treatment conference personal interest. Owner research everyone. Mention join design sister successful among necessary.\nAmerican she in safe try travel American. Read prevent serve center.", "location": "Paris", "date_posted": "2023-03-05T20:16:57.813Z", "job_type": "Remote", "skills_required": "need compare truth report week", "salary_range": "90,000 - 120,000 Ksh", "employer": 48}}, {"model": "jobseekerapp.job", "pk": 44, "fields": {"title": "DevOps Engineer", "company_name": "Contreras and Sons", "description": "Style data should themselves protect behind. Rather near federal present money quite.", "location": "New York", "date_posted": "2022-09-03T23:05:04.939Z", "job_type": "Remote", "skills_required": "particularly source early information develop", "salary_range": "90,000 - 120,000 Ksh", "employer": 49}}, {"model": "jobseekerapp.job", "pk": 45, "fields": {"title": "Data Analyst", "company_name": "Hogan Group", "description": "Car store these teacher floor American. Indicate growth require country ground consumer officer. Office whole morning people know serious market.\nAnswer market establish campaign say.", "location": "Nairobi", "date_posted": "2021-07-21T03:26:21.224Z", "job_type": "Part-time", "skills_required": "prepare rock draw traditional forward", "salary_range": "50,000 - 80,000 Ksh", "employer": 50}}, {"model": "jobseekerapp.job", "pk": 46, "fields": {"title": "Data Engineer", "company_name": "Flores, Johnson and Perry", "description": "Throughout whether until then hotel mother. Themselves media response.\nModern compare where reflect would spring responsibility.", "location": "Paris", "date_posted": "2020-05-13T17:30:16.289Z", "job_type": "Remote", "skills_required": "whole enter son best brother", "salary_range": "50,000 - 80,000 Ksh", "employer": 51}}, {"model": "jobseekerapp.job", "pk": 47, "fields": {"title": "Salesforce Engineer", "company_name": "Harper PLC", "description": "Bad call forward personal he first very standard. Whom just little short author decision.\nMethod yard sound live itself affect. Painting factor human fish show.\nMarriage marriage meet.", "location": "Nairobi", "date_posted": "2023-12-02T16:32:18.329Z", "job_type": "Hybrid", "skills_required": "soldier wonder eat tax down", "salary_range": "70,000 - 100,000 Ksh", "employer": 52}}, {"model": "jobseekerapp.job", "pk": 48, "fields": {"title": "UI/UX Designer", "company_name": "Hood Inc", "description": "Most here feel term final either behavior sense. Write notice country be.\nStand do lay per performance street consider. Fact radio seven financial amount face president.", "location": "Beijing", "date_posted": "2021-05-02T05:34:29.894Z", "job_type": "Remote", "skills_required": "there law security describe ever", "salary_range": "70,000 - 100,000 Ksh", "employer": 53}}, {"model": "jobseekerapp.job", "pk": 49, "fields": {"title": "Cyber Security", "company_name": "Harris-Holden", "description": "Team always win window without. Enjoy water word star deal late whole. Range main former month.", "location": "Beijing", "date_posted": "2020-02-05T01:25:02.667Z", "job_type": "Full-time", "skills_required": "no their home interesting consumer", "salary_range": "70,000 - 100,000 Ksh", "employer": 54}}, {"model": "jobseekerapp.job", "pk": 50, "fields": {"title": "Quality Assurance", "company_name": "Hill LLC", "description": "Deep southern better maybe seek. Time and suffer particularly bit. Shake arm hotel away establish another.\nDoctor record focus today. Analysis sea the shoulder.", "location": "New York", "date_posted": "2020-03-16T20:11:35.106Z", "job_type": "Remote", "skills_required": "hot organization individual attention protect", "salary_range": "90,000 - 120,000 Ksh", "employer": 55}}, {"model": "jobseekerapp.jobapplication", "pk": 31, "fields": {"job_seeker": 51, "job": 44, "application_date": "2023-12-10T09:22:49.547Z", "status": "Approved"}}, {"model": "jobseekerapp.jobapplication", "pk": 32, "fields": {"job_seeker": 52, "job": 43, "application_date": "2023-12-10T09:22:49.669Z", "status": "Approved"}}, {"model": "jobseekerapp.jobapplication", "pk": 33, "fields": {"job_seeker": 53, "job": 44, "application_date": "2023-12-10T09:22:49.790Z", "status": "Approved"}}, {"model": "jobseekerapp.jobapplication", "pk": 34, "fields": {"job_seeker": 54, "job": 43, "application_date": "2023-12-10T09:22:49.911Z", "status": "Rejected"}}, {"model": "jobseekerapp.jobapplication", "pk": 35, "fields": {"job_seeker": 55, "job": 45, "application_date": "2023-12-10T09:22:50.034Z", "status": "Pending"}}, {"model": "jobseekerapp.jobapplication", "pk": 36, "fields": {"job_seeker": 56, "job": 43, "application_date": "2023-12-10T09:22:50.159Z", "status": "Pending"}}, {"model": "jobseekerapp.jobapplication", "pk": 37, "fields": {"job_seeker": 57, "job": 41, "application_date": "2023-12-10T09:22:50.295Z", "status": "Rejected"}}, {"model": "jobseekerapp.jobapplication", "pk": 38, "fields": {"job_seeker": 58, "job": 50, "application_date": "2023-12-10T09:22:50.423Z", "status": "Approved"}}, {"model": "jobseekerapp.jobapplication", "pk": 39, "fields": {"job_seeker": 59, "job": 50, "application_date": "2023-12-10T09:22:50.570Z", "status": "Approved"}}, {"model": "jobseekerapp.jobapplication", "pk": 40, "fields": {"job_seeker": 60, "job": 45, "application_date": "2023-12-10T09:22:50.692Z", "status": "Rejected"}}]